{
    "mtx": [
        [
            999.40424388,
            0,
            971.45993964
        ],
        [
            0,
            998.74704153,
            573.61676845
        ],
        [
            0,
            0,
            1
        ]
    ],
    "dist": [
        -0.37621882,
        0.24133921,
        0.00212246,
        -0.00079812,
        -0.11260719
    ],
    "origin_rvec": [
        -2.24140957,
        -2.14098344,
        -0.08949971
    ],
    "origin_tvec": [
        1.46678443,
        -1.618868,
        2.77350515
    ]
}