{
    "mtx": [
        [
            404.2769894,
            0.0,
            360.77472396
        ],
        [
            0.0,
            542.41102356,
            225.99841993
        ],
        [
            0.0,
            0.0,
            1.0
        ]
    ],
    "dist": [
        -0.46666312,
        0.08679714,
        0.00321357,
        -0.0149582,
        0.21108136
    ]
}