{
    "mtx": [
        [
            999.40424388,
            0,
            971.45993964
        ],
        [
            0,
            998.74704153,
            573.61676845
        ],
        [
            0,
            0,
            1
        ]
    ],
    "dist": [
        -0.37621882,
        0.24133921,
        0.00212246,
        -0.00079812,
        -0.11260719
    ],
    "origin_rvec": [
        0.00094558,
        -0.09753915,
        -0.06539167
    ],
    "origin_tvec": [
        -1.26348666,
        1.70655935,
        2.83092348
    ]
}